OCC Code,Occupation Title,Major Category,
000N,N/A (not applicable),N/A,
10,Chief executives and legislators,Management Business and Financial,
20,General and operations managers,Management Business and Financial,
40,Advertising and promotions managers,Management Business and Financial,
51,Marketing managers,Management Business and Financial,
52,Sales managers,Management Business and Financial,
60,Public relations and fundraising managers,Management Business and Financial,
101,Administrative services managers,Management Business and Financial,
102,Facilities managers,Management Business and Financial,
110,Computer and information systems managers,Management Business and Financial,
120,Financial managers,Management Business and Financial,
135,Compensation and benefits managers,Management Business and Financial,
136,Human resources managers,Management Business and Financial,
137,Training and development managers,Management Business and Financial,
140,Industrial production managers,Management Business and Financial,
150,Purchasing managers,Management Business and Financial,
160,Transportation storage and distribution managers,Management Business and Financial,
205,"Farmers, ranchers, and other agricultural managers",Management Business and Financial,
220,Construction managers,Management Business and Financial,
230,Education and childcare administrators,Management Business and Financial,
300,Architectural and engineering managers,Management Business and Financial,
310,Food service managers,Management Business and Financial,
335,Entertainment and recreation managers,Management Business and Financial,
340,Lodging managers,Management Business and Financial,
350,Medical and health services managers,Management Business and Financial,
360,Natural sciences managers,Management Business and Financial,
410,"Property, real estate, and community association managers",Management Business and Financial,
420,Social and community service managers,Management Business and Financial,
425,Emergency management directors,Management Business and Financial,
440,Other managers,Management Business and Financial,
500,"Agents and business managers of artists, performers, and athletes",Management Business and Financial,
510,"Buyers and purchasing agents, farm products",Management Business and Financial,
520,"Wholesale and retail buyers, except farm products",Management Business and Financial,
530,"Purchasing agents, except wholesale, retail, and farm products",Management Business and Financial,
540,"Claims adjusters, appraisers, examiners, and investigators",Management Business and Financial,
565,Compliance officers,Management Business and Financial,
600,Cost estimators,Management Business and Financial,
630,Human resources workers,Management Business and Financial,
640,"Compensation, benefits, and job analysis specialists",Management Business and Financial,
650,Training and development specialists,Management Business and Financial,
700,Logisticians,Management Business and Financial,
705,Project management specialists,Management Business and Financial,
710,Management analysts,Management Business and Financial,
725,"Meeting, convention, and event planners",Management Business and Financial,
726,Fundraisers,Management Business and Financial,
735,Market research analysts and marketing specialists,Management Business and Financial,
750,"Business operations specialists, all other",Management Business and Financial,
800,Accountants and auditors,Management Business and Financial,
810,Property appraisers and assessors,Management Business and Financial,
820,Budget analysts,Management Business and Financial,
830,Credit analysts,Management Business and Financial,
845,Financial and investment analysts,Management Business and Financial,
850,Personal financial advisors,Management Business and Financial,
860,Insurance underwriters,Management Business and Financial,
900,Financial examiners,Management Business and Financial,
910,Credit counselors and loan officers,Management Business and Financial,
930,"Tax examiners and collectors, and revenue agents",Management Business and Financial,
940,Tax preparers,Management Business and Financial,
960,Other financial specialists,Management Business and Financial,
1005,Computer and information research scientists,Computer Engineering and Science,
1006,Computer systems analysts,Computer Engineering and Science,
1007,Information security analysts,Computer Engineering and Science,
1010,Computer programmers,Computer Engineering and Science,
1021,Software developers,Computer Engineering and Science,
1022,Software quality assurance analysts and testers,Computer Engineering and Science,
1031,Web developers,Computer Engineering and Science,
1032,Web and digital interface designers,Computer Engineering and Science,
1050,Computer support specialists,Computer Engineering and Science,
1065,Database administrators and architects,Computer Engineering and Science,
1105,Network and computer systems administrators,Computer Engineering and Science,
1106,Computer network architects,Computer Engineering and Science,
1108,"Computer occupations, all other",Computer Engineering and Science,
1200,Actuaries,Computer Engineering and Science,
1220,Operations research analysts,Computer Engineering and Science,
1240,Other mathematical science occupations,Computer Engineering and Science,
1305,"Architects, except landscape and naval",Computer Engineering and Science,
1306,Landscape architects,Computer Engineering and Science,
1310,"Surveyors, cartographers, and photogrammetrists",Computer Engineering and Science,
1320,Aerospace engineers,Computer Engineering and Science,
1340,Biomedical and agricultural engineers,Computer Engineering and Science,
1350,Chemical engineers,Computer Engineering and Science,
1360,Civil engineers,Computer Engineering and Science,
1400,Computer hardware engineers,Computer Engineering and Science,
1410,Electrical and electronics engineers,Computer Engineering and Science,
1420,Environmental engineers,Computer Engineering and Science,
1430,"Industrial engineers, including health and safety",Computer Engineering and Science,
1440,Marine engineers and naval architects,Computer Engineering and Science,
1450,Materials engineers,Computer Engineering and Science,
1460,Mechanical engineers,Computer Engineering and Science,
1520,"Petroleum, mining and geological engineers, including mining safety engineers",Computer Engineering and Science,
1530,Other engineers,Computer Engineering and Science,
1541,Architectural and civil drafters,Computer Engineering and Science,
1545,Other drafters,Computer Engineering and Science,
1551,Electrical and electronic engineering technologists and technicians,Computer Engineering and Science,
1555,"Other engineering technologists and technicians, except drafters",Computer Engineering and Science,
1560,Surveying and mapping technicians,Computer Engineering and Science,
1600,Agricultural and food scientists,Computer Engineering and Science,
1610,Biological scientists,Computer Engineering and Science,
1640,Conservation scientists and foresters,Computer Engineering and Science,
1650,Other life scientists,Computer Engineering and Science,
1700,Astronomers and physicists,Computer Engineering and Science,
1710,Atmospheric and space scientists,Computer Engineering and Science,
1720,Chemists and materials scientists,Computer Engineering and Science,
1745,"Environmental scientists and specialists, including health",Computer Engineering and Science,
1750,"Geoscientists and hydrologists, except geographers",Computer Engineering and Science,
1760,"Physical scientists, all other",Computer Engineering and Science,
1800,Economists,Computer Engineering and Science,
1821,Clinical and counseling psychologists,Computer Engineering and Science,
1822,School psychologists,Computer Engineering and Science,
1825,Other psychologists,Computer Engineering and Science,
1840,Urban and regional planners,Computer Engineering and Science,
1860,Other social scientists,Computer Engineering and Science,
1900,Agricultural and food science technicians,Computer Engineering and Science,
1910,Biological technicians,Computer Engineering and Science,
1920,Chemical technicians,Computer Engineering and Science,
1935,"Environmental science and geoscience technicians, and nuclear technicians",Computer Engineering and Science,
1970,"Other life, physical, and social science technicians",Computer Engineering and Science,
1980,Occupational health and safety specialists and technicians,Computer Engineering and Science,
2001,Substance abuse and behavioral disorder counselors,Education Legal Arts and Media,
2002,"Educational, guidance, and career counselors and advisors",Education Legal Arts and Media,
2003,Marriage and family therapists,Education Legal Arts and Media,
2004,Mental health counselors,Education Legal Arts and Media,
2005,Rehabilitation counselors,Education Legal Arts and Media,
2006,"Counselors, all other",Education Legal Arts and Media,
2011,"Child, family, and school social workers",Education Legal Arts and Media,
2012,Healthcare social workers,Education Legal Arts and Media,
2013,Mental health and substance abuse social workers,Education Legal Arts and Media,
2014,"Social workers, all other",Education Legal Arts and Media,
2015,Probation officers and correctional treatment specialists,Education Legal Arts and Media,
2016,Social and human service assistants,Education Legal Arts and Media,
2025,Other community and social service specialists,Education Legal Arts and Media,
2040,Clergy,Education Legal Arts and Media,
2050,"Directors, religious activities and education",Education Legal Arts and Media,
2060,"Religious workers, all other",Education Legal Arts and Media,
2100,"Lawyers, and judges, magistrates, and other judicial workers",Education Legal Arts and Media,
2105,Judicial law clerks,Education Legal Arts and Media,
2145,Paralegals and legal assistants,Education Legal Arts and Media,
2170,"Title examiners, abstractors, and searchers",Education Legal Arts and Media,
2180,"Legal support workers, all other",Education Legal Arts and Media,
2205,Postsecondary teachers,Education Legal Arts and Media,
2300,Preschool and kindergarten teachers,Education Legal Arts and Media,
2310,Elementary and middle school teachers,Education Legal Arts and Media,
2320,Secondary school teachers,Education Legal Arts and Media,
2330,Special education teachers,Education Legal Arts and Media,
2350,Tutors,Education Legal Arts and Media,
2360,Other teachers and instructors,Education Legal Arts and Media,
2400,"Archivists, curators, and museum technicians",Education Legal Arts and Media,
2435,Librarians and media collections specialists,Education Legal Arts and Media,
2440,Library technicians,Education Legal Arts and Media,
2545,Teaching assistants,Education Legal Arts and Media,
2555,Other educational instruction and library workers,Education Legal Arts and Media,
2600,Artists and related workers,Education Legal Arts and Media,
2631,Commercial and industrial designers,Education Legal Arts and Media,
2632,Fashion designers,Education Legal Arts and Media,
2633,Floral designers,Education Legal Arts and Media,
2634,Graphic designers,Education Legal Arts and Media,
2635,Interior designers,Education Legal Arts and Media,
2636,Merchandise displayers and window trimmers,Education Legal Arts and Media,
2640,Other designers,Education Legal Arts and Media,
2700,Actors,Education Legal Arts and Media,
2710,Producers and directors,Education Legal Arts and Media,
2721,Athletes and sports competitors,Education Legal Arts and Media,
2722,Coaches and scouts,Education Legal Arts and Media,
2723,"Umpires, referees, and other sports officials",Education Legal Arts and Media,
2740,Dancers and choreographers,Education Legal Arts and Media,
2751,Music directors and composers,Education Legal Arts and Media,
2752,Musicians and singers,Education Legal Arts and Media,
2755,Disc jockeys, except radio,Education Legal Arts and Media
2770,"Entertainers and performers, sports and related workers, all other",Education Legal Arts and Media,
2805,Broadcast announcers and radio disc jockeys,Education Legal Arts and Media,
2810,"News analysts, reporters, and journalists",Education Legal Arts and Media,
2825,Public relations specialists,Education Legal Arts and Media,
2830,Editors,Education Legal Arts and Media,
2840,Technical writers,Education Legal Arts and Media,
2850,Writers and authors,Education Legal Arts and Media,
2861,Interpreters and translators,Education Legal Arts and Media,
2862,Court reporters and simultaneous captioners,Education Legal Arts and Media,
2865,"Media and communication workers, all other",Education Legal Arts and Media,
2905,Other media and communication equipment workers,Education Legal Arts and Media,
2910,Photographers,Education Legal Arts and Media,
2920,"Television, video, and film camera operators and editors",Education Legal Arts and Media,
3000,Chiropractors,Healthcare Practitioners and Technical,
3010,Dentists,Healthcare Practitioners and Technical,
3030,Dietitians and nutritionists,Healthcare Practitioners and Technical,
3040,Optometrists,Healthcare Practitioners and Technical,
3050,Pharmacists,Healthcare Practitioners and Technical,
3090,Physicians,Healthcare Practitioners and Technical,
3100,Surgeons,Healthcare Practitioners and Technical,
3110,Physician assistants,Healthcare Practitioners and Technical,
3120,Podiatrists,Healthcare Practitioners and Technical,
3140,Audiologists,Healthcare Practitioners and Technical,
3150,Occupational therapists,Healthcare Practitioners and Technical,
3160,Physical therapists,Healthcare Practitioners and Technical,
3200,Radiation therapists,Healthcare Practitioners and Technical,
3210,Recreational therapists,Healthcare Practitioners and Technical,
3220,Respiratory therapists,Healthcare Practitioners and Technical,
3230,Speech-language pathologists,Healthcare Practitioners and Technical,
3245,Other therapists,Healthcare Practitioners and Technical,
3250,Veterinarians,Healthcare Practitioners and Technical,
3255,Registered nurses,Healthcare Practitioners and Technical,
3256,Nurse anesthetists,Healthcare Practitioners and Technical,
3258,"Nurse practitioners, and nurse midwives",Healthcare Practitioners and Technical,
3261,Acupuncturists,Healthcare Practitioners and Technical,
3270,"Healthcare diagnosing or treating practitioners, all other",Healthcare Practitioners and Technical,
3300,Clinical laboratory technologists and technicians,Healthcare Practitioners and Technical,
3310,Dental hygienists,Healthcare Practitioners and Technical,
3321,Cardiovascular technologists and technicians,Healthcare Practitioners and Technical,
3322,Diagnostic medical sonographers,Healthcare Practitioners and Technical,
3323,Radiologic technologists and technicians,Healthcare Practitioners and Technical,
3324,Magnetic resonance imaging technologists,Healthcare Practitioners and Technical,
3330,Nuclear medicine technologists and medical dosimetrists,Healthcare Practitioners and Technical,
3401,Emergency medical technicians,Healthcare Practitioners and Technical,
3402,Paramedics,Healthcare Practitioners and Technical,
3421,Pharmacy technicians,Healthcare Practitioners and Technical,
3422,Psychiatric technicians,Healthcare Practitioners and Technical,
3423,Surgical technologists,Healthcare Practitioners and Technical,
3424,Veterinary technologists and technicians,Healthcare Practitioners and Technical,
3430,Dietetic technicians and ophthalmic medical technicians,Healthcare Practitioners and Technical,
3500,Licensed practical and licensed vocational nurses,Healthcare Practitioners and Technical,
3515,Medical records specialists,Healthcare Practitioners and Technical,
3520,"Opticians, dispensing",Healthcare Practitioners and Technical,
3545,Miscellaneous health technologists and technicians,Healthcare Practitioners and Technical,
3550,Other healthcare practitioners and technical occupations,Healthcare Practitioners and Technical,
3601,Home health aides,Service Occupations,
3602,Personal care aides,Service Occupations,
3603,Nursing assistants,Service Occupations,
3605,Orderlies and psychiatric aides,Service Occupations,
3610,Occupational therapy assistants and aides,Service Occupations,
3620,Physical therapist assistants and aides,Service Occupations,
3630,Massage therapists,Service Occupations,
3640,Dental assistants,Service Occupations,
3645,Medical assistants,Service Occupations,
3646,Medical transcriptionists,Service Occupations,
3647,Pharmacy aides,Service Occupations,
3648,Veterinary assistants and laboratory animal caretakers,Service Occupations,
3649,Phlebotomists,Service Occupations,
3655,Other healthcare support workers,Service Occupations,
3700,First-line supervisors of correctional officers,Service Occupations,
3710,First-line supervisors of police and detectives,Service Occupations,
3720,First-line supervisors of firefighting and prevention workers,Service Occupations,
3725,Miscellaneous first-line supervisors protective service workers,Service Occupations,
3740,Firefighters,Service Occupations,
3750,Fire inspectors,Service Occupations,
3801,Bailiffs,Service Occupations,
3802,Correctional officers and jailers,Service Occupations,
3820,Detectives and criminal investigators,Service Occupations,
3840,Fish and game wardens and parking enforcement officers,Service Occupations,
3870,Police officers,Service Occupations,
3900,Animal control workers,Service Occupations,
3910,Private detectives and investigators,Service Occupations,
3930,Security guards and gaming surveillance officers,Service Occupations,
3940,Crossing guards and flaggers,Service Occupations,
3945,Transportation security screeners,Service Occupations,
3946,School bus monitors,Service Occupations,
3960,Other protective service workers,Service Occupations,
4000,Chefs and head cooks,Service Occupations,
4010,First-line supervisors of food preparation and serving workers,Service Occupations,
4020,Cooks,Service Occupations,
4030,Food preparation workers,Service Occupations,
4040,Bartenders,Service Occupations,
4055,Fast food and counter workers,Service Occupations,
4110,Waiters and waitresses,Service Occupations,
4120,"Food servers, nonrestaurant",Service Occupations,
4130,Dining room and cafeteria attendants and bartender helpers,Service Occupations,
4140,Dishwashers,Service Occupations,
4150,"Hosts and hostesses, restaurant, lounge, and coffee shop",Service Occupations,
4160,"Food preparation and serving related workers, all other",Service Occupations,
4200,First-line supervisors of housekeeping and janitorial workers,Service Occupations,
4210,First-line supervisors of landscaping and groundskeeping workers,Service Occupations,
4220,Janitors and building cleaners,Service Occupations,
4230,Maids and housekeeping cleaners,Service Occupations,
4240,Pest control workers,Service Occupations,
4251,Landscaping and groundskeeping workers,Service Occupations,
4252,Tree trimmers and pruners,Service Occupations,
4255,Other grounds maintenance workers,Service Occupations,
4330,Supervisors of personal care and service workers,Service Occupations,
4340,Animal trainers,Service Occupations,
4350,Animal caretakers,Service Occupations,
4400,Gambling services workers,Service Occupations,
4420,"Ushers, lobby attendants, and ticket takers",Service Occupations,
4435,Other entertainment attendants and related workers,Service Occupations,
4461,"Embalmers, crematory operators, and funeral attendants",Service Occupations,
4465,"Morticians, undertakers, and funeral arrangers",Service Occupations,
4500,Barbers,Service Occupations,
4510,"Hairdressers, hairstylists, and cosmetologists",Service Occupations,
4521,Manicurists and pedicurists,Service Occupations,
4522,Skincare specialists,Service Occupations,
4525,Other personal appearance workers,Service Occupations,
4530,"Baggage porters, bellhops, and concierges",Service Occupations,
4540,Tour and travel guides,Service Occupations,
4600,Childcare workers,Service Occupations,
4621,Exercise trainers and group fitness instructors,Service Occupations,
4622,Recreation workers,Service Occupations,
4640,Residential advisors,Service Occupations,
4655,"Personal care and service workers, all other",Service Occupations,
4700,First-line supervisors of retail sales workers,Sales and Office,
4710,First-line supervisors of non-retail sales workers,Sales and Office,
4720,Cashiers,Sales and Office,
4740,Counter and rental clerks,Sales and Office,
4750,Parts salespersons,Sales and Office,
4760,Retail salespersons,Sales and Office,
4800,Advertising sales agents,Sales and Office,
4810,Insurance sales agents,Sales and Office,
4820,"Securities, commodities, and financial services sales agents",Sales and Office,
4830,Travel agents,Sales and Office,
4840,Sales representatives of services,Sales and Office,
4850,"Sales representatives, wholesale and manufacturing",Sales and Office,
4900,"Models, demonstrators, and product promoters",Sales and Office,
4920,Real estate brokers and sales agents,Sales and Office,
4930,Sales engineers,Sales and Office,
4940,Telemarketers,Sales and Office,
4950,"Door-to-door sales workers, news and street vendors",Sales and Office,
4965,"Sales and related workers, all other",Sales and Office,
5000,First-line supervisors of office and administrative support workers,Sales and Office,
5010,"Switchboard operators, including answering service",Sales and Office,
5020,Telephone operators,Sales and Office,
5040,"Communications equipment operators, all other",Sales and Office,
5100,Bill and account collectors,Sales and Office,
5110,Billing and posting clerks,Sales and Office,
5120,"Bookkeeping, accounting, and auditing clerks",Sales and Office,
5140,Payroll and timekeeping clerks,Sales and Office,
5150,Procurement clerks,Sales and Office,
5160,Tellers,Sales and Office,
5165,Other financial clerks,Sales and Office,
5220,"Court, municipal, and license clerks",Sales and Office,
5230,"Credit authorizers, checkers, and clerks",Sales and Office,
5240,Customer service representatives,Sales and Office,
5250,Eligibility interviewers, government programs,Sales and Office
5260,File clerks,Sales and Office,
5300,"Hotel, motel, and resort desk clerks",Sales and Office,
5310,"Interviewers, except eligibility and loan",Sales and Office,
5320,"Library assistants, clerical",Sales and Office,
5330,Loan interviewers and clerks,Sales and Office,
5340,New accounts clerks,Sales and Office,
5350,Correspondence clerks and order clerks,Sales and Office,
5360,"Human resources assistants, except payroll and timekeeping",Sales and Office,
5400,Receptionists and information clerks,Sales and Office,
5410,Reservation and transportation ticket agents and travel clerks,Sales and Office,
5420,Other information and records clerks,Sales and Office,
5500,Cargo and freight agents,Sales and Office,
5510,Couriers and messengers,Sales and Office,
5521,Public safety telecommunicators,Sales and Office,
5522,"Dispatchers, except police, fire, and ambulance",Sales and Office,
5530,"Meter readers, utilities",Sales and Office,
5540,Postal service clerks,Sales and Office,
5550,Postal service mail carriers,Sales and Office,
5560,Postal service mail sorters and processors,Sales and Office,
5600,"Production, planning, and expediting clerks",Sales and Office,
5610,"Shipping, receiving, and inventory clerks",Sales and Office,
5630,"Weighers, measurers, checkers, and samplers",Sales and Office,
5710,Executive secretaries and administrative assistants,Sales and Office,
5720,Legal secretaries and administrative assistants,Sales and Office,
5730,Medical secretaries and administrative assistants,Sales and Office,
5740,Secretaries and administrative assistants,Sales and Office,
5810,Data entry keyers,Sales and Office,
5820,Word processors and typists,Sales and Office,
5840,Insurance claims and policy processing clerks,Sales and Office,
5850,Mail clerks and mail machine operators,Sales and Office,
5860,"Office clerks, general",Sales and Office,
5900,"Office machine operators, except computer",Sales and Office,
5910,Proofreaders and copy markers,Sales and Office,
5920,Statistical assistants,Sales and Office,
5940,Other office and administrative support workers,Sales and Office,
6005,"First-line supervisors of farming, fishing, and forestry workers",Natural Resources Construction and Maintenance,
6010,Agricultural inspectors,Natural Resources Construction and Maintenance,
6040,Graders and sorters, agricultural products,Natural Resources Construction and Maintenance
6050,Other agricultural workers,Natural Resources Construction and Maintenance,
6115,Fishing and hunting workers,Natural Resources Construction and Maintenance,
6120,Forest and conservation workers,Natural Resources Construction and Maintenance,
6130,Logging workers,Natural Resources Construction and Maintenance,
6200,First-line supervisors of construction trades and extraction workers,Natural Resources Construction and Maintenance,
6210,Boilermakers,Natural Resources Construction and Maintenance,
6220,"Brickmasons, blockmasons, and stonemasons",Natural Resources Construction and Maintenance,
6230,Carpenters,Natural Resources Construction and Maintenance,
6240,"Carpet, floor, and tile installers and finishers",Natural Resources Construction and Maintenance,
6250,"Cement masons, concrete finishers, and terrazzo workers",Natural Resources Construction and Maintenance,
6260,Construction laborers,Natural Resources Construction and Maintenance,
6305,Construction equipment operators,Natural Resources Construction and Maintenance,
6330,"Drywall installers, ceiling tile installers, and tapers",Natural Resources Construction and Maintenance,
6355,Electricians,Natural Resources Construction and Maintenance,
6360,Glaziers,Natural Resources Construction and Maintenance,
6400,Insulation workers,Natural Resources Construction and Maintenance,
6410,Painters and paperhangers,Natural Resources Construction and Maintenance,
6441,Pipelayers,Natural Resources Construction and Maintenance,
6442,"Plumbers, pipefitters, and steamfitters",Natural Resources Construction and Maintenance,
6460,Plasterers and stucco masons,Natural Resources Construction and Maintenance,
6515,Roofers,Natural Resources Construction and Maintenance,
6520,Sheet metal workers,Natural Resources Construction and Maintenance,
6530,Structural iron and steel workers,Natural Resources Construction and Maintenance,
6540,Solar photovoltaic installers,Natural Resources Construction and Maintenance,
6600,Helpers, construction trades,Natural Resources Construction and Maintenance
6660,Construction and building inspectors,Natural Resources Construction and Maintenance,
6700,Elevator installers and repairers,Natural Resources Construction and Maintenance,
6710,Fence erectors,Natural Resources Construction and Maintenance,
6720,Hazardous materials removal workers,Natural Resources Construction and Maintenance,
6730,Highway maintenance workers,Natural Resources Construction and Maintenance,
6740,Rail-track laying and maintenance equipment operators,Natural Resources Construction and Maintenance,
6765,Other construction and related workers,Natural Resources Construction and Maintenance,
6800,"Derrick, rotary drill, and service unit operators",Natural Resources Construction and Maintenance,
6825,Surface mining machine operators and earth drillers,Natural Resources Construction and Maintenance,
6835,"Explosives workers, ordnance handling experts, and blasters",Natural Resources Construction and Maintenance,
6850,Underground mining machine operators,Natural Resources Construction and Maintenance,
6950,Other extraction workers,Natural Resources Construction and Maintenance,
7000,"First-line supervisors of mechanics, installers, and repairers",Natural Resources Construction and Maintenance,
7010,"Computer, automated teller, and office machine repairers",Natural Resources Construction and Maintenance,
7020,Radio and telecommunications equipment installers and repairers,Natural Resources Construction and Maintenance,
7030,Avionics technicians,Natural Resources Construction and Maintenance,
7040,"Electric motor, power tool, and related repairers",Natural Resources Construction and Maintenance,
7100,Other electrical and electronic equipment mechanics,Natural Resources Construction and Maintenance,
7120,Electronic home entertainment equipment installers and repairers,Natural Resources Construction and Maintenance,
7130,Security and fire alarm systems installers,Natural Resources Construction and Maintenance,
7140,Aircraft mechanics and service technicians,Natural Resources Construction and Maintenance,
7150,Automotive body and related repairers,Natural Resources Construction and Maintenance,
7160,Automotive glass installers and repairers,Natural Resources Construction and Maintenance,
7200,Automotive service technicians and mechanics,Natural Resources Construction and Maintenance,
7210,Bus and truck mechanics and diesel engine specialists,Natural Resources Construction and Maintenance,
7220,Heavy vehicle and mobile equipment service technicians,Natural Resources Construction and Maintenance,
7240,Small engine mechanics,Natural Resources Construction and Maintenance,
7260,Miscellaneous vehicle and mobile equipment mechanics,Natural Resources Construction and Maintenance,
7300,Control and valve installers and repairers,Natural Resources Construction and Maintenance,
7315,"Heating, air conditioning, and refrigeration mechanics",Natural Resources Construction and Maintenance,
7320,Home appliance repairers,Natural Resources Construction and Maintenance,
7330,Industrial and refractory machinery mechanics,Natural Resources Construction and Maintenance,
7340,"Maintenance and repair workers, general",Natural Resources Construction and Maintenance,
7350,Maintenance workers, machinery,Natural Resources Construction and Maintenance
7360,Millwrights,Natural Resources Construction and Maintenance,
7410,Electrical power-line installers and repairers,Natural Resources Construction and Maintenance,
7420,Telecommunications line installers and repairers,Natural Resources Construction and Maintenance,
7430,Precision instrument and equipment repairers,Natural Resources Construction and Maintenance,
7510,"Coin, vending, and amusement machine servicers",Natural Resources Construction and Maintenance,
7540,Locksmiths and safe repairers,Natural Resources Construction and Maintenance,
7560,Riggers,Natural Resources Construction and Maintenance,
7610,Helpers--installation maintenance and repair workers,Natural Resources Construction and Maintenance,
7640,"Other installation, maintenance, and repair workers",Natural Resources Construction and Maintenance,
7700,First-line supervisors of production and operating workers,Production Transportation and Material Moving,
7720,"Electrical, electronics, and electromechanical assemblers",Production Transportation and Material Moving,
7730,Engine and other machine assemblers,Production Transportation and Material Moving,
7740,Structural metal fabricators and fitters,Production Transportation and Material Moving,
7750,Other assemblers and fabricators,Production Transportation and Material Moving,
7800,Bakers,Production Transportation and Material Moving,
7810,"Butchers and other meat, poultry, and fish processing workers",Production Transportation and Material Moving,
7830,"Food roasting, baking, and drying machine operators",Production Transportation and Material Moving,
7840,Food batchmakers,Production Transportation and Material Moving,
7850,Food cooking machine operators and tenders,Production Transportation and Material Moving,
7855,"Food processing workers, all other",Production Transportation and Material Moving,
7905,Computer numerically controlled tool operators and programmers,Production Transportation and Material Moving,
7925,"Forming machine setters, operators, and tenders",Production Transportation and Material Moving,
7950,"Cutting, punching, and press machine setters",Production Transportation and Material Moving,
8000,"Grinding, lapping, polishing, and buffing machine tool setters",Production Transportation and Material Moving,
8025,"Other machine tool setters, operators, and tenders",Production Transportation and Material Moving,
8030,Machinists,Production Transportation and Material Moving,
8040,"Metal furnace operators, tenders, pourers, and casters",Production Transportation and Material Moving,
8100,"Model makers, patternmakers, and molding machine setters",Production Transportation and Material Moving,
8130,Tool and die makers,Production Transportation and Material Moving,
8140,"Welding, soldering, and brazing workers",Production Transportation and Material Moving,
8225,Other metal workers and plastic workers,Production Transportation and Material Moving,
8250,Prepress technicians and workers,Production Transportation and Material Moving,
8255,Printing press operators,Production Transportation and Material Moving,
8256,Print binding and finishing workers,Production Transportation and Material Moving,
8300,Laundry and dry-cleaning workers,Production Transportation and Material Moving,
8310,"Pressers, textile, garment, and related materials",Production Transportation and Material Moving,
8320,Sewing machine operators,Production Transportation and Material Moving,
8335,Shoe and leather workers,Production Transportation and Material Moving,
8350,"Tailors, dressmakers, and sewers",Production Transportation and Material Moving,
8365,"Textile machine setters, operators, and tenders",Production Transportation and Material Moving,
8450,Upholsterers,Production Transportation and Material Moving,
8465,"Other textile, apparel, and furnishings workers",Production Transportation and Material Moving,
8500,Cabinetmakers and bench carpenters,Production Transportation and Material Moving,
8510,Furniture finishers,Production Transportation and Material Moving,
8530,"Sawing machine setters, operators, and tenders, wood",Production Transportation and Material Moving,
8540,"Woodworking machine setters, operators, and tenders",Production Transportation and Material Moving,
8555,Other woodworkers,Production Transportation and Material Moving,
8600,"Power plant operators, distributors, and dispatchers",Production Transportation and Material Moving,
8610,Stationary engineers and boiler operators,Production Transportation and Material Moving,
8620,Water and wastewater treatment plant and system operators,Production Transportation and Material Moving,
8630,Miscellaneous plant and system operators,Production Transportation and Material Moving,
8640,Chemical processing machine setters and operators,Production Transportation and Material Moving,
8650,"Crushing, grinding, polishing, mixing, and blending workers",Production Transportation and Material Moving,
8710,Cutting workers,Production Transportation and Material Moving,
8720,"Extruding, forming, pressing, and compacting machine setters",Production Transportation and Material Moving,
8730,"Furnace, kiln, oven, drier, and kettle operators",Production Transportation and Material Moving,
8740,"Inspectors, testers, sorters, samplers, and weighers",Production Transportation and Material Moving,
8750,Jewelers and precious stone and metal workers,Production Transportation and Material Moving,
8760,Dental and ophthalmic laboratory technicians,Production Transportation and Material Moving,
8800,Packaging and filling machine operators and tenders,Production Transportation and Material Moving,
8810,Painting workers,Production Transportation and Material Moving,
8830,Photographic process workers and machine operators,Production Transportation and Material Moving,
8850,Adhesive bonding machine operators and tenders,Production Transportation and Material Moving,
8910,Etchers and engravers,Production Transportation and Material Moving,
8920,"Molders, shapers, and casters, except metal and plastic",Production Transportation and Material Moving,
8930,Paper goods machine setters and operators,Production Transportation and Material Moving,
8940,Tire builders,Production Transportation and Material Moving,
8950,Helpers--production workers,Production Transportation and Material Moving,
8990,Miscellaneous production workers,Production Transportation and Material Moving,
9005,Supervisors of transportation and material moving workers,Production Transportation and Material Moving,
9030,Aircraft pilots and flight engineers,Production Transportation and Material Moving,
9040,Air traffic controllers and airfield operations specialists,Production Transportation and Material Moving,
9050,Flight attendants,Production Transportation and Material Moving,
9110,Ambulance drivers and attendants,Production Transportation and Material Moving,
9121,Bus drivers, school,Production Transportation and Material Moving
9122,"Bus drivers, transit and intercity",Production Transportation and Material Moving,
9130,Driver/sales workers and truck drivers,Production Transportation and Material Moving,
9141,Shuttle drivers and chauffeurs,Production Transportation and Material Moving,
9142,Taxi drivers,Production Transportation and Material Moving,
9150,"Motor vehicle operators, all other",Production Transportation and Material Moving,
9210,Locomotive engineers and operators,Production Transportation and Material Moving,
9240,Railroad conductors and yardmasters,Production Transportation and Material Moving,
9265,Other rail transportation workers,Production Transportation and Material Moving,
9300,"Sailors and marine oilers, and ship engineers",Production Transportation and Material Moving,
9310,Ship and boat captains and operators,Production Transportation and Material Moving,
9350,Parking attendants,Production Transportation and Material Moving,
9365,Transportation service attendants,Production Transportation and Material Moving,
9410,Transportation inspectors,Production Transportation and Material Moving,
9415,Passenger attendants,Production Transportation and Material Moving,
9430,Other transportation workers,Production Transportation and Material Moving,
9510,Crane and tower operators,Production Transportation and Material Moving,
9570,"Conveyor, dredge, and hoist and winch operators",Production Transportation and Material Moving,
9600,Industrial truck and tractor operators,Production Transportation and Material Moving,
9610,Cleaners of vehicles and equipment,Production Transportation and Material Moving,
9620,"Laborers and freight, stock, and material movers, hand",Production Transportation and Material Moving,
9630,Machine feeders and offbearers,Production Transportation and Material Moving,
9640,"Packers and packagers, hand",Production Transportation and Material Moving,
9645,Stockers and order fillers,Production Transportation and Material Moving,
9650,Pumping station operators,Production Transportation and Material Moving,
9720,Refuse and recyclable material collectors,Production Transportation and Material Moving,
9760,Other material moving workers,Production Transportation and Material Moving,
9800,Military officer special and tactical operations leaders,Military,
9810,First-line enlisted military supervisors,Military,
9825,Military enlisted tactical operations,Military,
9830,"Military, rank not specified",Military,
9920,Unemployed or never worked,N/A,
